0,CombatZoneResize,113,231,548,391,TLResume,,
0,HeartTeleport,320,376,,,,,
0,HeartMode,1,,,,,,
0,TLPause,,,,,,,
0,Platform,151,336,36,0,90,1,
0,Platform,151,286,36,0,90,1,
0,HeartTeleport,169,327,,,,,
0,BoneVRepeat,528,366,40,0,60,60,15
0,BoneVRepeat,108,237,30,2,60,60,15
0,BoneVRepeat,283,267,45,3,95,13,80
0,BoneVRepeat,363,330,45,1,125,14,85
0,BoneVRepeat,443,248,45,3,95,13,80

0.8,SansSlam,1
0,SansBody,HandDown
0.8,SansSlam,3
0,SansBody,HandUp

0.8,SansSlam,1
0,SansBody,HandDown
0.8,SansSlam,3
0,SansBody,HandUp

0.8,SansSlam,1
0,SansBody,HandDown
0.8,SansSlam,3
0,SansBody,HandUp

0.8,SansSlam,1
0,SansBody,HandDown
0.8,SansSlam,3
0,SansBody,HandUp

0.9,EndAttack,,,,,,,
