0,CombatZoneResize,133,251,508,391,TLResume,,
0,HeartTeleport,320,376,,,,,
0,HeartMode,1,,,,,,
0,TLPause,,,,,,,

0,BoneVRepeat,513,257,50,2,67,56,130
0.4,BoneVRepeat,513,345,50,2,67,56,130
0,BoneVRepeat,128,257,50,0,67,56,130
0.4,BoneVRepeat,128,345,50,0,67,56,130

0.8,SansSlam,1
0,SansBody,HandDown
0.8,SansSlam,3
0,SansBody,HandUp

0.8,SansSlam,1
0,SansBody,HandDown
0.8,SansSlam,3
0,SansBody,HandUp

0.8,SansSlam,1
0,SansBody,HandDown
0.8,SansSlam,3
0,SansBody,HandUp

0.8,SansSlam,1
0,SansBody,HandDown
0.8,SansSlam,3
0,SansBody,HandUp

0.8,SansSlam,1
0,SansBody,HandDown
0.8,SansSlam,3
0,SansBody,HandUp

1,EndAttack,,,,,,,
